url,photoable_id,photoable_type
http://i1278.photobucket.com/albums/y519/markhoyt84/Kelp_Front_162_zps7500a3e4.jpg,1,Product
http://i1278.photobucket.com/albums/y519/markhoyt84/Flavor_Front_164_zps78303175.jpg,7,Product
http://i1278.photobucket.com/albums/y519/markhoyt84/Humic_Front_161_zpsf970fe58.jpg,13,Product
http://i1278.photobucket.com/albums/y519/markhoyt84/Amino_Front_16_zps83c4c5a4.jpg,19,Product
http://i1278.photobucket.com/albums/y519/markhoyt84/Fulvic_Front_16_zpsfbd12db2.jpg,25,Product
http://i1278.photobucket.com/albums/y519/markhoyt84/Fungi_Front_162-626x750_zps2f9c6861.jpg,31,Product
http://i1278.photobucket.com/albums/y519/markhoyt84/Microbes_Front_162-625x750_zps449a2d0d.jpg,37,Product
http://i1278.photobucket.com/albums/y519/markhoyt84/Magic_Front_163_zpsc224fbbc.jpg,43,Product
http://i1278.photobucket.com/albums/y519/markhoyt84/Minerals_Front_16_zpsc1830d62.jpg,49,Product
http://i1278.photobucket.com/albums/y519/markhoyt84/Silica_Front_161-625x750_zps69aac4a7.jpg,55,Product
http://i1278.photobucket.com/albums/y519/markhoyt84/Veg_Front_162_zps19ad939b.jpg,61,Product
http://i1278.photobucket.com/albums/y519/markhoyt84/Bloom_Front_163_zpsfd05720f.jpg,67,Product
http://i1278.photobucket.com/albums/y519/markhoyt84/Foliar_Front_163_zps602d4cb0.jpg,73,Product
http://i1278.photobucket.com/albums/y519/markhoyt84/AllPurpose_Front_1631_zps194cb5f1.jpg,79,Product
http://i1278.photobucket.com/albums/y519/markhoyt84/FruitFlower_Front_163_zps722559dd.jpg,85,Product
http://i1278.photobucket.com/albums/y519/markhoyt84/Pboost_Front_8_zps826e7f32.jpg,91,Product
http://i1278.photobucket.com/albums/y519/markhoyt84/Stabili-Tea_Front_cft2_zps5beba910.jpg,97,Product
http://i1278.photobucket.com/albums/y519/markhoyt84/Charolite_Veg_Hcft2-625x750_zpsd2cf5886.jpg,98,Product
http://i1278.photobucket.com/albums/y519/markhoyt84/Charolite_Bloom_Hcft2-625x750_zpsbfdf6099.jpg,99,Product
http://i1278.photobucket.com/albums/y519/markhoyt84/Charolite_AP_Hcft2-625x750_zpscb54b98b.jpg,100,Product
http://i1278.photobucket.com/albums/y519/markhoyt84/Charolite_FF_Hcft2-625x750_zps0fe4f97b.jpg,101,Product
http://i1278.photobucket.com/albums/y519/markhoyt84/cyclone-brewer-650x650_zpscf5a9064.jpg,102,Product
http://i1278.photobucket.com/albums/y519/markhoyt84/induction-light-coming-soon-1-650x650_zpse69d8d38.jpg,107,Product
http://i1278.photobucket.com/albums/y519/markhoyt84/Hats-650x404_zps30c12875.jpg,113,Product
http://i1278.photobucket.com/albums/y519/markhoyt84/Shirt-522x750_zpse03dd85c.jpg,116,Product